index,experiment,p_fake_mean,p_fake_std,n,p_fake_min,p_fake_max,p_fake_sem
0,remove_high,0.494141713095208,0.11728195505781464,48,0.19115234911441803,0.8094661831855774,0.01692819208092872
1,remove_low,0.591145766278108,0.03974922357042988,48,0.5154038667678833,0.6913734078407288,0.005737306232116577
2,remove_mid,0.444819163531065,0.1131283209874392,48,0.22193267941474915,0.7652585506439209,0.016328666643767104
