index,stage,p_fake_mean,p_fake_std,n,p_fake_sem
0,low_pass,0.4375747761999567,0.11818144828152162,48,0.017058022744639086
1,original,0.4973604865372181,0.11800897068138973,48,0.017033127747422754
2,remove_checkerboard,0.4582403541232149,0.10541115284933934,48,0.015214789368288715
3,slight_mask,0.4375747761999567,0.11818144828152162,48,0.017058022744639086
4,suppress_high,0.49674296472221613,0.11861647599163608,48,0.017120813586023968
