class_name,stage,n_pairs,relative_drop_percent,cohen_dz,p_value
ALL,suppress_high,48,0.1241598059591239,-0.057290867685459476,0.693221100326026
ALL,remove_checkerboard,48,7.865548927372579,-0.6408738603093072,5.424004529674152e-05
ALL,low_pass,48,12.020599133941763,-0.5496503502625487,0.0004051556294838243
ALL,slight_mask,48,12.020599133941763,-0.5496503502625487,0.0004051556294838243
