stage,energy_low_ratio,energy_mid_ratio,energy_high_ratio
low_pass,0.9984574133915999,0.001542000572949415,5.860354506430281e-07
original,0.981166450051791,0.017104529630368497,0.0017290203178405002
remove_checkerboard,0.9913581598993733,0.007690713416229987,0.0009511266843967953
slight_mask,0.9984574133915999,0.001542000572949415,5.860354506430281e-07
suppress_high,0.9823688197981116,0.016694526939958845,0.0009366532619295626
