index,class_name,stage,p_fake_mean,p_fake_std,n,p_fake_sem
0,FAKE,low_pass,0.4550806538512309,0.09717606004028215,24,0.01983598019272945
1,FAKE,original,0.5071121814350287,0.10021629188545235,24,0.020456564919431715
5,REAL,low_pass,0.4200688985486825,0.13586102278749068,24,0.027732515146832507
6,REAL,original,0.48760879163940746,0.134966485591111,24,0.027549918506243335
