stage,mean,std,count,flip_rate
A_blur,0.4886995085204641,0.11453417731933782,48,0.0625
A_blur_freq,0.48916890441129607,0.11465915885665147,48,0.0625
B_noise,0.497040265550216,0.11746782641315359,48,0.0625
B_noise_brightness,0.4929371277491252,0.12023768450913332,48,0.0625
original,0.4973604865372181,0.11800897068138973,48,0.0
