accuracy,precision,recall,f1_score
0.67675,0.6730976398002154,0.6873,0.6801246845777053
