stage,mean,std,count,sem
blur,0.41488428227603436,0.11916010954437219,48,0.017199280330527145
brightness+5,0.4944192133843899,0.12358919730730142,48,0.01783856408357506
fgsm,0.4962723509718974,0.08399213611937784,48,0.012123220599583621
gaussian_noise,0.4951306202759345,0.11578777927812928,48,0.01671252638377423
jpeg85,0.49386138562113047,0.11129850198853086,48,0.0160645550208701
original,0.49736047598222893,0.11800896638607684,48,0.017033127127447742
